"","en","de","fr","ja","pl","ru"
"LABEL_ABANDON_MATCH","ABANDON MATCH","BRECHE SPIEL AB","ABANDONNER LE MATCH","対戦を放棄","PORZUĆ MECZ","НЕДОСТУПНЫЙ МАТЧ"
"LABEL_ACTION_POINTS","ACTION POINTS","AKTIONSPUNKTE","POINTS D'ACTION","アクションポイント","PUNKTY AKCJI","ОЧКОВ ДЕЙСТВИЯ"
"LABEL_ACTION_SLOTS","ACTION SLOTS","ACTION SLOTS","ACTION SLOTS","アクションスロット","SLOTY AKCJI","ДОСТУПНЫХ СЛОТОВ"
"LABEL_AI_SPEED","AI SPEED","AI SPEED","AI SPEED","AI SPEED","SZYBKOŚĆ AI","AI SPEED"
"LABEL_ATTACK","ATTACK","ATTACK","ATTAQUE","攻撃","ATAK","АТАКА"
"LABEL_AUTO_FOLLOW","CAMERA AUTO FOLLOW","KAMERA FOLGT AUTOMATISCH","SUIVI AUTO CAMÉRA","カメラ自動追尾","AUT. ŚLEDZ. KAMERY","АВТОНАВЕДЕНИЕ КАМЕРЫ"
"LABEL_BACK","BACK","ZURÜCK","RETOUR","戻る","COFNIJ","НАЗАД"
"LABEL_BACK_TO_MENU","OPEN MAIN MENU","HAUPTMENU ÖFFNEN","MENU PRINCIPAL","メインメニューを開く","OTWÓRZ MENU GŁÓWNE","ОТКРЫТЬ ГЛАВНОЕ МЕНЮ"
"LABEL_BIGGER","BIGGER","GRÖSSER","+ GROS","大きく","BLIŻEJ","ДАЛЬШЕ"
"LABEL_BLUE","BLUE","BLAU","BLEU","ブルー","NIEBIESKA","СИНИЙ"
"LABEL_BLUE_TEAM","BLUE TEAM","TEAM BLAU","ÉQUIPE BLEUE","ブルーチーム","ARMIA NIEBIESKA","СИНИЯ КОМАНДА"
"LABEL_BLUE_TEAM_TURN","BLUE TEAM TURN","BLUE TEAM TURN","BLUE TEAM TURN","BLUE TEAM TURN","TURA ARMI NIEBIESKIEJ","BLUE TEAM TURN"
"LABEL_BLUE_WINS","BLUE WINS","SIEGE BLAU","LES BLEUS GAGNENT","ブルーの勝ち","ZWYCIĘŻYLI NIEBIESCY","СИНИЕ ПОБЕДИЛИ"
"LABEL_BUILDING","BUILDING","GEBÄUDE","BÂTIMENT","建物","BUDYNEK","ЗДАНИЕ"
"LABEL_BUILDING_AIRPORT","AIRPORT","FLUGHAFEN","AÉROPORT","空港","LOTNISKO","АЭРОПОРТ"
"LABEL_BUILDING_BARRACKS","BARRACKS","KASERNEN","CASERNE","兵舎","KOSZARY","КАЗАРМА"
"LABEL_BUILDING_FACTORY","FACTORY","FABRIK","USINE","工場","FABRYKA","ЗАВОД"
"LABEL_BUILDING_GSM_TOWER","GSM TOWER","GSM TOWER","RADAR","GSM タワー","WIEŻA RTV","РАДИОВЫШКА"
"LABEL_BUILDING_HQ","HQ","HQ","QG","司令部","CENTRALA","ШК"
"LABEL_CAMERA_MOVE_TO_BUNKER","MOVE CAMERA TO HQ","MOVE CAMERA TO HQ","MOVE CAMERA TO HQ","MOVE CAMERA TO HQ","RUSZAJ KAMERA DO HQ","MOVE CAMERA TO HQ"
"LABEL_CAMERA_SHAKE","CAMERA SHAKE","KAMERA SCHÜTTELN","SECOUSSES CAMERA","手振れ","WSTRZĄSY KAMERY","ТРЯСКА КАМЕРЫ"
"LABEL_CAMERA_SPEED","CAMERA SPEED","CAMERA SPEED","CAMERA SPEED","CAMERA SPEED","SZYBKOŚĆ KAMERY","CAMERA SPEED"
"LABEL_CAMPAIGN","CAMPAIGN","KAMPAGNE","CAMPAGNE","遠征","KAMPANIA","КАМПАНИЯ"
"LABEL_CANCEL","Cancel","Abbrechen","Annuler","キャンセル","Anuluj","Назад"
"LABEL_CLEAR","CLEAR","LÖSCHEN","EFFACER","クリア","WYCZYŚĆ","СТЕРЕТЬ"
"LABEL_CLEAR_SLOT","CLEAR GAME SLOT","SPIEL EINTRAG LÖSCHEN","LIBÉRER LES EMPLACEMENTS DE JEU","ゲームスロットをクリア","WYCZYŚĆ SLOT","СТЕРЕТЬ СЛОТ"
"LABEL_COMPLETED","COMPLETED","ABGESCHLOSSEN","TERMINÉE(S)","完了","ZAKOŃCZONE","ПРОЙДЕНО"
"LABEL_CONFIRM","CONFIRM","BESTÄTIGEN","CONFIRMER","確認","POTWIERDŹ","ПОДТВЕРДИТЬ"
"LABEL_CPU","CPU","CPU","CPU","CPU","KOMPUTER","БОТ"
"LABEL_CPU_TURN","CPU TURN","CPU ZUG","TOUR DU CPU","CPU の順番","TURA PRZECIWNIKA","ХОД КОМПЬЮТЕРА"
"LABEL_CREATE","CREATE","ERSTELLEN","CRÉER","作成","UTWÓRZ","СОЗДАТЬ"
"LABEL_CREATE_MATCH","CREATE MATCH","SPIEL ERSTELLEN","CRÉER UN MATCH","対戦を作成","UTWÓRZ MECZ","СОЗДАТЬ МАТЧ"
"LABEL_CURRENT_MAP","CURRENT MAP","CURRENT MAP","CARTE ACTUELLE","CURRENT MAP","AKTUALNA MAPA","CURRENT MAP"
"LABEL_CURRENT_TEAM","CURRENT TEAM","CURRENT TEAM","ÉQUIPE ACTUELLE","CURRENT TEAM","AKTUALNA ARMIA","CURRENT TEAM"
"LABEL_DELETE_MODE","DELETE","ZERSTÖREN","DELETE MODE","削除","USUWANIE","УДАЛИТЬ"
"LABEL_DEPLOY","DEPLOY","HERSTELLEN","DÉPLOYER","配備","ROZLOKUJ","ПОСТАВИТЬ"
"LABEL_DEPLOYED","DEPLOYED","GEBAUT","DÉPLOYÉ","配備済","JEDNOSTKI","СДЕЛАНО"
"LABEL_DEPLOY_PRICE","DEPLOY PRICE","HERSTELLUNGSPREIS","PRIX","配備価格","KOSZT","СТОИМОСТЬ"
"LABEL_DEPLOY_UNIT","BUY NEW UNIT","KAUFE NEUE EINHEIT","ACH. NOUV. UNITÉ","新しい部隊を購入","KUP JEDNOSTKĘ","КУПИТЬ НОВЫЙ ЮНИТ"
"LABEL_DIFFICULTY","DIFFICULTY","SCHWIERIGKEIT","DIFFICULTÉ","難度","POZIOM TRUDNOŚCI","СЛОЖНОСТЬ"
"LABEL_DOMINATION","DOMINATION","HERRSCHAFT","DOMINATION","制覇","DOMINACJA","ДОМИНИРОВАНИЕ"
"LABEL_DONE","Done","Erledigt","Terminé","完了","Zakończ","Готово"
"LABEL_DOWNLOAD","Download","Download","Télécharger","ダウンロード","Pobierz","Загрузить"
"LABEL_DOWNLOAD_MAP","Download Map","Download Karte","Envoyer une carte","マップをダウンロード","Pobierz mapę","Загрузить карту"
"LABEL_EASY","EASY","EINFACH","FACILE","簡単","ŁATWY","ЛЕГКО"
"LABEL_ELIMINATED","ELIMINATED","ZERSTÖRT","ÉLIMINÉ","消滅","WYELIMINOWANE","УБИТО"
"LABEL_END","END","BEENDE","FIN","終了","KONIEC","ЗАКОНЧИТЬ"
"LABEL_END_TURN","END YOUR TURN","BEENDE DEINE RUNDE","FIN DU TOUR","あなたの順番の終了","ZAKOŃCZ TURĘ","ЗАКОНЧИТЬ СВОЙ ХОД"
"LABEL_ENEMY_TURN","OPPONENT TURN","GEGNERISCHER ZUG","TOUR DE L'ADVERSAIRE","相手の順番","TURA PRZECIWNIKA","ХОД СОПЕРНИКА"
"LABEL_FAILURE","OPERATION FAILURE","OPERATION FEHLGESCHLAGEN","ÉCHEC DE L'OPÉRATION","操作に失敗しました","OPERACJA NIEUDANA","ОШИБКА"
"LABEL_FALL","FALL","HERBST","AUTOMNE","秋","JESIEŃ","ОСЕНЬ"
"LABEL_FORFEIT","FORFEIT","NIEDERLAGE","FORFAIT","没収","PORZUĆ","ШТРАФ"
"LABEL_FULL_SCREEN","FULL SCREEN","VOLLBILDSCHIRM","PLEIN ÉCRAN","全画面","PEŁNY EKRAN","ПОЛНОЭКРАННЫЙ РЕЖИМ"
"LABEL_GAME","GAME","SPIEL","JEU","ゲーム","GRA","ИГРА"
"LABEL_GAMEPAD_INFO","GAMEPAD INFO","GAMEPAD INFO","INFO MANETTE","ゲームパッド情報","KONTROLER","ИНФОРМАЦИЯ О КОНСОЛИ"
"LABEL_GAME_MENU_MOVEMENT","NAVIGATE MENU","Menü Navigation","NAVIGATE MENU","ナビゲートメニュー","PORUSZANIE PO MENU","НАЙТИ МЕНЮ"
"LABEL_GAME_OVER","GAME OVER","SPIELENDE","FIN DE PARTIE","ゲームオーバー","KONIEC GRY","КОНЕЦ ПАРТИИ"
"LABEL_GAME_TIME","GAME TIME","SPIELZEIT","TEMPS DE JEU","ゲーム時間","CZAS GRY","ВРЕМЯ ИГРЫ"
"LABEL_GFX","GFX","GFX","GFX","GFX","GFX","GFX"
"LABEL_GOT_IT","Got it!","Habe es!","Réussi !","やりました!","OK!","Понял!"
"LABEL_HEALTH","HEALTH","GESUNDHEIT","VIE","兵力","ZDROWIE","ЗДОРОВЬЯ"
"LABEL_HEALTH_MAX","HEALTH / MAX","GESUNDHEIT / MAX","VIE / MAX","兵力 / 最大","ZDROWIE / MAKSYMALNE","ЗДОРОВЬЯ / МАКСИМАЛЬНО"
"LABEL_HELP","HELP","HELP","AIDE","ヘルプ","POMOC","ПОМОЩЬ"
"LABEL_HUMAN","HUMAN","MENSCH","HUMAIN","人","CZŁOWIEK","ЧЕЛОВЕК"
"LABEL_INFANTRY","INFANTRY","INFANTERIE","INFANTERIE","歩兵","PIECHOTA","ПЕХОТА"
"LABEL_INVALID_MATCH","INVALID MATCH","UNGÜLTIGES SPIEL","MATCH INVALIDE","無効な対戦","NIEPRAWIDŁOWY MECZ","НЕСУЩЕСТВУЮЩИЙ МАТЧ"
"LABEL_JOIN","JOIN","BEITRETEN","REJOINDRE","参加","DOŁĄCZ","ВОЙТИ"
"LABEL_JOIN_MATCH","JOIN A MATCH","EINEM SPIEL BEITRETEN","REJOINDRE UN MATCH","対戦に参加","DOŁĄCZ DO MECZU","ПРИСОЕДИНИТЬСЯ НА МАТЧ"
"LABEL_LANGUAGE","LANGUAGE","SPRACHE","LANGUE","言語","JĘZYK","ЯЗЫК"
"LABEL_LATER","Maybe later","Vielleicht später","Plus tard...","たぶん後で","Może później","Может быть позже"
"LABEL_LOADING_MATCH","LOADING MATCH","LADE SPIEL","CHARGEMENT DU MATCH","対戦のロード中","WCZYTYWANIE MECZU","ЗАГРУЗКА МАТЧА"
"LABEL_LOCAL","LOCAL","LOKAL","LOCAL","ローカル","LOKALNE","ЛОКАЛЬНЫЙ"
"LABEL_MAIN_MENU","MAIN MENU","HAUPTMENU","MENU","メインメニュー","MENU GŁÓWNE","ГЛАВНОЕ МЕНЮ"
"LABEL_MAP EDITOR","MAP EDITOR","KARTEN EDITOR","ÉDITEUR","マップエディター","EDYTOR MAP","РЕДАКТОР КАРТ"
"LABEL_MAPS","MAPS","KARTEN","CARTE","マップ","MAPY","КАРТ"
"LABEL_MAPS_CREATED","MAPS CREATED","KARTEN ERSTELLT","CARTES CRÉÉES","マップを作成しました","STWORZONYCH MAP","СДЕЛАНО КАРТ"
"LABEL_MAP_CODE","MAP: ","KARTE: ","CARTE : ","マップ: ","MAPA: ","КАРТА: "
"LABEL_MAP_NAME","MAP NAME","KARTENNAME","NOM CARTE","マップ名","NAZWA MAPY","НАЗВАНИЕ КАРТЫ"
"LABEL_MAP_TO_UPLOAD","Map to upload","KARTEN HOCHLADEN","Carte à envoyer","アップロードするマップ","Mapa do wysłania","Карта для загрузки"
"LABEL_MATCH_CODE","MATCH CODE: ","SPIEL CODE: ","CODE DU MATCH : ","対戦コード: ","KOD MECZU: ","КОД МАТЧА: "
"LABEL_MATCH_ENDED","MATCH ENDED","SPIEL BEENDET","FIN DU MATCH","対戦終了","ZAKOŃCZONY","МАТЧ ЗАКОНЧИЛСЯ"
"LABEL_MATCH_FORFEIT","OPPONENT LEFT","GEGNER HAT DAS SPIEL VERLASSEN","ADVERSAIRE GAUCHE","相手の残り","MECZ PORZUCONY","СОПЕРНИК УШЕЛ"
"LABEL_MATCH_IN_PROGRESS","IN PROGRESS","SPIEL LAUFEND","EN COURS","進行中","ROZPOCZĘTY","В ПРОГРЕССЕ"
"LABEL_MENU","MENU","MENÜ","MENU","メニュー","MENU","МЕНЮ"
"LABEL_MISSION","MISSION","MISSION","MISSION","ミッション","MISJA","МИССИЯ"
"LABEL_MISSION_COMPLETED","MISSION COMPLETED","MISSION ABGESCHLOSSEN","MISSION TERMINÉE","ミッション完了","MISJA ZAKOŃCZONA","МИССИЯ ПРОЙДЕНА"
"LABEL_MOVES","MOVES","ZÜGE","COUPS","移動","RUCHY","ХОДОВ"
"LABEL_MULTIPLAYER","MULTIPLAYER","MEHRSPIELER","MULTIJOUEUR","マルチプレイヤー","TRYB WIELOOSOBOWY","МУЛЬТИПЛЕЕР"
"LABEL_MUSIC","MUSIC","MUSIK","MUSIQUE","音楽","MUZYKA","МУЗЫКА"
"LABEL_NAME","NAME","NAME","NOM","名前","IMIĘ","ИМЯ"
"LABEL_NEW_MATCH","NEW MATCH","NEUES SPIEL","NOUVEAU MATCH","新しい対戦","NOWY MECZ","НОВЫЙ МАТЧ"
"LABEL_NEW_TURN","NEW TURN","NEUE RUNDE","NOUV. TOUR","新しい順番","NOWA TURA","НОВЫЙ ХОД"
"LABEL_NEXT","NEXT","WEITER","SUIVANT","次","NASTĘPNY","СЛЕДУЮЩАЯ"
"LABEL_NEXT_TURN","END TURN","RUNDE BEENDEN","FINIR TOUR","順番の終了","KONIEC TURY","ЗАКОНЧИТЬ ХОД"
"LABEL_NEXT_TURN_GAIN","NEXT TURN GAIN","EINNAHMEN NÄCHSTE RUNDE","TOUR SUIVANT","次の順番を手に入れる","ZYSK NA TURĘ","ПРИБЫЛЬ НА СЛЕДУЮЩИЙ ХОД"
"LABEL_NEXT_UNIT","SELECT NEXT UNIT","NÄCHSTE EINHEIT WÄHLEN","UNITÉ SUIVANTE","次の部隊を選択","NASTĘPNA JEDNOSTKA","СЛЕДУЮЩИЙ ЮНИТ"
"LABEL_NORMAL","NORMAL","NORMAL","NORMAL","通常","NORMALNY","СРЕДНЕ"
"LABEL_OFF","OFF","AUS","NON","オフ","NIE","ВЫКЛ"
"LABEL_OK","OK","OK","OK","OK","OK","Хорошо"
"LABEL_ON","ON","AN","OUI","オン","TAK","ВКЛ"
"LABEL_ONLINE","ONLINE","ONLINE","ONLINE","オンライン","ONLINE","ОНЛАЙН"
"LABEL_ONLINE_MENU","ONLINE MAPS","ONLINE KARTEN","CARTES EN LIGNE","オンラインマップ","MAPY ONLINE","ОНЛАЙН КАРТЫ"
"LABEL_OVERSCAN","OVERSCAN","OVERSCAN","OVERSCAN","オーバースキャン","OVERSCAN","ОВЕРСКАН"
"LABEL_PAGE","PAGE","SEITE","PAGE","ページ","STRONA","ЛИСТ"
"LABEL_PICK_SIDE","PICK SIDE","SEITE AUSWÄHLEN","CHOISIR UN CAMP","サイドを選択","WYBIERZ STRONĘ","ВЫБРАТЬ СТОРОНУ"
"LABEL_PLAY","PLAY","SPIELEN","JOUER","プレー","GRAJ","ИГРАТЬ"
"LABEL_PLAYERS_TIME","PLAYERS TIME","ZEIT DES SPIELERS","TEMPS JOUEURS","プレイヤーの時間","CZAS GRACZA","ВРЕМЯ ИГРОКА"
"LABEL_PLAYING_AS","PLAYING AS","SPIELEN ALS…","JOUER","プレー中","GRASZ JAKO","ИГРА ЗА"
"LABEL_PLAY_AGAIN","PLAY AGAIN","NOCHMAL SPIELEN","REJOUER","もう一度プレイ","REWANŻ","ЗАНОВО"
"LABEL_PLEASE_WAIT","PLEASE WAIT...","BITTE WARTEN…","UN INSTANT...","しばらくお待ちください...","PROSZĘ CZEKAĆ...","ПОДОЖДИТЕ"
"LABEL_PREVIEW","PREVIEW","PREVIEW","APERÇU","プレビュー","PODGLĄD","ПРЕДПРОСМОТР"
"LABEL_PREVIOUS","PREVIOUS","ZURÜCK","PRÉCÉDENT","前","POPRZEDNI","ПРЕДЫДУЩАЯ"
"LABEL_PREVIOUS_UNIT","SELECT PREVIOUS UNIT","VORHERIGE EINHEIT WÄHLEN","UNITÉ PRÉCÉDENTE","前の部隊を選択","POPRZEDNIA JEDNOSTKA","ПРЕДЫДУЩИЙ ЮНИТ"
"LABEL_PROCEED","PROCEED","WEITER","CONTINUER","続行","KONTYNUUJ","ПРОДОЛЖИТЬ"
"LABEL_PROCEED_QUESTION","Proceed?","Weiter?","Continuer ?","続行しますか?","Kontynuować?","Продолжить?"
"LABEL_QUIT_GAME","QUIT GAME","BEENDE SPIEL","QUITTER","ゲームを終了","WYJDŹ","ВЫЙТИ"
"LABEL_RANGE","RANGE","REICHWEITE","RANG","範囲","ZASIĘG","ДАЛЬНОСТЬ ХОДА"
"LABEL_RED","RED","ROT","ROUGE","レッド","CZERWONA","КРАСНЫЙ"
"LABEL_RED_TEAM","RED TEAM","TEAM ROT","ÉQUIPE ROUGE","レッドチーム","ARMIA CZERWONA","КРАСНАЯ КОМАНДА"
"LABEL_RED_TEAM_TURN","RED TEAM TURN","RED TEAM TURN","RED TEAM TURN","RED TEAM TURN","TURA ARMI CZERWONEJ","RED TEAM TURN"
"LABEL_RED_WINS","RED WINS","SIEGE ROT","LES ROUGES GAGNENT","レッドの勝ち","ZWYCIĘŻYLI CZERWONI","КРАСНЫЕ ПОБЕДИЛИ"
"LABEL_REFRESH","REFRESH","AKTUALISIEREN","RAFRAÎCHIR","更新","ODŚWIEŻ","ОБНОВИТЬ"
"LABEL_REFRESHING_MATCHES","REFRESHING MATCHES","Aktualisiere Ergebnisse","RAFRAÎCHISSEMENT DES MATCHS","対戦の更新中","ODŚWIEŻANIE MECZY","ОБНОВИТЬ МАТЧИ"
"LABEL_REGISTER","Register","Registrieren","Enregistrer","登録","Rejestruj","Регистрация"
"LABEL_REGISTER_PLAYER","Register Player","Spieler registrieren","Enregist. joueur","登録プレイヤー","Zarejestruj Gracza","Зарегистрировать игрока"
"LABEL_REMOTE","REMOTE","REMOTE","DISTANT","リモート","ZDALNE","ОТДАЛЕННЫЙ"
"LABEL_REPLAY","REPLAY","WIEDERHOLUNG","REJOUER","リプレイ","POWTÓRKA","ПОВТОР"
"LABEL_REPLAYING_MOVES","REPLAYING TURN","WIEDERHOLE ZUG","REJOUER LE TOUR","リプレイ中","ODTWARZANIE TURY","ЗАПИСАННЫЙ ХОД"
"LABEL_REQUIES_RESTART","MAP RESTART REQUIRED","MAP RESTART REQUIRED","REDÉMARRAGE REQUIS","マップの再開が必要","WYMAGA RESTARTU MAPY","НУЖНА ПЕРЕЗАГРУЗКА КАРТЫ"
"LABEL_RESUME","RESUME","WEITER","CONTINUER","再開","KONTYNUUJ","ПРОДОЛЖИТЬ"
"LABEL_RUN_DEMO","RUN DEMO","STARTE DEMO","DÉMO","デモを実行","DEMO","ДЕМО"
"LABEL_SELECT","PERFORM ACTION","AKTION DURCHFÜHREN","EFFECTUER","アクションを実行","WYKONAJ AKCJĘ","ПРОАНАЛИЗИРОВАТЬ ДЕЙСТВИЕ"
"LABEL_SELECTED_MAP","SELECTED MAP:","GEWÄHLTE KARTE","CARTE CHOISIE :","選択したマップ:","WYBRANA MAPA","КАРТА:"
"LABEL_SELECTOR_MOVEMENT","MOVE FIELD SELECTOR","Auswahl bewegen","MOVE FIELD SELECTOR","フィールドセレクタを移動","PORUSZ WSKAŹNIKIEM","ПЕРЕДВИНУТЬ ВЫБИРАТЕЛЬ КАРТ"
"LABEL_SELECT_UNIT","SELECT UNIT","WÄHLE EINHEIT","CHOISIR","部隊を選択","WYBIERZ JEDNOSTKĘ","ВЫБРАТЬ ЮНИТ"
"LABEL_SETTINGS","SETTINGS","EINSTELLUNGEN","RÉGLAGES","設定","USTAWIENIA","НАСТРОЙКИ"
"LABEL_SHOW_REPLAY","SHOW REPLAY","WIEDERHOLUNG ZEIGEN","MONTRER LE REPLAY","リプレイを表示","POKAŻ POWTÓRKĘ","ПОКАЗАТЬ ПОВТОР"
"LABEL_SKIP","SKIP","ÜBERSPRINGEN","PASSER","スキップ","POMIŃ","ПPОПУСТИТЬ"
"LABEL_SKIRMISH","SKIRMISH","GEFECHT","ESCARMOUCHE","戦闘","POTYCZKA","СОСТЯЗАНИЕ"
"LABEL_SMALLER","SMALLER","KLEINER","+ PETIT","小さく","DALEJ","БЛИЖЕ"
"LABEL_SOUND","SFX","SFX","SFX","SFX","DZWIĘK","SFX"
"LABEL_SOUND_EFFECTS","SOUND EFFECTS","SOUND EFFEKTE","EFFETS SONORES","サウンド効果","EFEKTY DZWIĘKOWE","ЗВУКИ"
"LABEL_START","START","START","DÉMARRER","開始","START","СТАРТ"
"LABEL_START_TURN","START TURN","STARTE RUNDE","GO !","順番を開始","START TURY","НАЧАТЬ ХОД"
"LABEL_SUMMER","SUMMER","SOMMER","ÉTÉ","夏","LATO","ЛЕТО"
"LABEL_TIME","TIME","ZEIT","TEMPS","時間","CZAS","ВРЕМЯ"
"LABEL_TOOLTIPS","TOOLTIPS","TOOLTIPS","INFOBULLES","TOOLTIPS","PODPOWIEDZI","TOOLTIPS"
"LABEL_TOTAL_SCORE","TOTAL SCORE","GESAMTPUNKTE","SCORE TOTAL","トータルスコア","PUNKTACJA","ОБЩИЙ СЧЕТ"
"LABEL_TURN","TURN","RUNDE","TOUR","順番","TURA","ХОД"
"LABEL_TURNS","TURNS","RUNDEN","TOURS","手","TURY","ХОДОВ"
"LABEL_TURNS_CAP","TURNS CAP:","RUNDEN CAP","LIMITE TOURS :","順番の獲得:","OGRANICZENIE TUR","МАКС КОЛ-ВО ХОДОВ:"
"LABEL_TURNS_CAP:","TURNS CAP:","RUNDEN CAP:","TOURS :","順番の獲得:","OGRANICZENIE TUR","МАКС КОЛ-ВО ХОДОВ:"
"LABEL_UNIT","UNIT","EINHEIT","UNITÉ","部隊","JEDNOSTKA","ЮНИТ"
"LABEL_UNIT_ATTACK","attack","Angriff","ATTAQUE","攻撃","ATAK","атака"
"LABEL_UNIT_HEALTH","health","Gesundheit","VIE","兵力","ZDROWIE","здоровье"
"LABEL_UNIT_HELI","HELI","HELI","HÉLICO","ヘリ","ŚMIGŁOWIEC","ВЕРТОЛЕТ"
"LABEL_UNIT_RANGE","range","Entfernung","PORTÉE","範囲","ZASIĘG","дальность хода"
"LABEL_UPLOAD","Upload","Upload","Envoyer","アップロード","Wyślij","Экспорт"
"LABEL_UPLOAD_MAP","Upload Map","Karte hochladen","Envoyer la carte","マップをアップロード","Wysyłanie mapy","Экспорт карты"
"LABEL_VERSION","Version","Version","Version","バージョン","Wersja","Версия"
"LABEL_WINDOW","WINDOW","FENSTER","FENÊTRE","ウインドウ","OKNO","ОКНО"
"LABEL_WINS","WINS","SIEGE","VICTOIRES","勝ち","WYGRANE","ПОБЕДИЛ"
"LABEL_WINTER","WINTER","WINTER","HIVER","冬","ZIMA","ЗИМА"
"LABEL_WORKSHOP","WORKSHOP","WORKSHOP","ÉDITEUR","ワークショップ","EDYTOR","РЕДАКТОР"
"LABEL_WORKSHOP_AIRPORT","AIRPORT","FLUGHAFEN","AÉROPORT","空港","LOTNISKO","АЭРОПОРТ"
"LABEL_WORKSHOP_BARRACKS","BARRACKS","KASERNEN","CASERNE","兵舎","KOSZARY","КАЗАРМА"
"LABEL_WORKSHOP_BRIDGE","BRIDGE","BRÜCKE","PONT","橋","MOST","МОСТ"
"LABEL_WORKSHOP_BUILDINGS","BUILDINGS","GEBÄUDE","BÂTIMENTS","建物","BUDYNKI","ЗДАНИЯ"
"LABEL_WORKSHOP_BUILD_TERRAIN","BUILD TERRAIN","BAUE GELÄNDE","TERRAIN","地形を構築","BUDUJ TEREN","ПОСТАВИТЬ"
"LABEL_WORKSHOP_CITY","CITY","STADT","VILLE","都市","MIASTO","ГОРОД"
"LABEL_WORKSHOP_CIVILIAN","CIVILIAN","ZIVILIST","CIVIL","民間人","CYWIL","ГРАЖДАНСКИЕ"
"LABEL_WORKSHOP_CLEAR_LAYERS","CELAR LAYERS","EBENEN LEEREN","TOUT SUPPRIMER :","レイヤーをクリア","WYCZYŚĆ WARSTWY","СНЯТЬ СЛОИ"
"LABEL_WORKSHOP_CLEAR_MAP","CLEAR EVERYTHING IN MAP","CLEAR EVRYTHING IN MAP","EFFACER TOUTE LA CARTE","マップをすべてクリア","WYCZYŚĆ WSZYSTKO NA MAPIE","ОЧИСТИТЬ ВСЕ"
"LABEL_WORKSHOP_CONCRETE","CONCRETE","BETON","BÉTON","コンクリート","BETON","БЕТОН"
"LABEL_WORKSHOP_CREATE","CREATE","ERSTELLEN","CRÉER","作成","STWÓRZ","СДЕЛАНО"
"LABEL_WORKSHOP_DIRT","DIRT","ERDE","BOUE","ダート","PIASEK","ГРЯЗЬ"
"LABEL_WORKSHOP_EREASE","EREASE","LÖSCHEN","EFFACER","消去","USUŃ","СТЕРЕТЬ"
"LABEL_WORKSHOP_FACTORY","FACTORY","FABRIK","USINE","工場","FABRYKA","ЗАВОД"
"LABEL_WORKSHOP_FAILURE","OPERATION FAILURE","AKTION FEHLGESCHLAGEN","ÉCHEC DE L'OPÉRATION","操作に失敗しました","BŁĄD OPERACJI","ОШИБКА"
"LABEL_WORKSHOP_FENCE","FENCE","ZAUN","CLÔTURE","フェンス","PŁOT","ЗАБОР"
"LABEL_WORKSHOP_FILES_MANAGER","FILES MANAGER","DATEI MANAGER","FICHIERS","ファイル管理","PLIKI","ПРОВОДНИК"
"LABEL_WORKSHOP_FILE_SAVED","FILE SAVED","DATEI GESPEICHERT","FICH. SAUV.","ファイルを保存しました","PLIK ZAPISANY","СОХРАНЕНО"
"LABEL_WORKSHOP_FOREST","FOREST","WALD","FÔRET","森","LAS","ЛЕС"
"LABEL_WORKSHOP_GSM_TOWER","GSM TOWER","GSM TOWER","RADAR","GSM タワー","WIEŻA","РАДИОВЫШКА"
"LABEL_WORKSHOP_HELI","HELI","HELI","HÉLICO","ヘリ","ŚMIGŁOWIEC","ВЕРТОЛЕТ"
"LABEL_WORKSHOP_HQ","HQ","HQ","QG","司令部","CENTRALA","ШК"
"LABEL_WORKSHOP_INFANTRY","INFANTRY","INFANTERIE","INFANTERIE","歩兵","PIECHOTA","ПЕХОТА"
"LABEL_WORKSHOP_LOAD","LOAD","LADEN","CHARGER","ロード","WCZYTAJ","ЗАГРУЗИТЬ"
"LABEL_WORKSHOP_MOUNTAIN","MOUNTAIN","BERG","MONTAGNE","山","GÓRY","ГОРЫ"
"LABEL_WORKSHOP_MOVE_MAP","MOVE MAP","BEWEGE KARTE","BOUGER CARTE","マップを移動","PRZESUŃ MAPĘ","ДВИГАТЬ КАРТУ"
"LABEL_WORKSHOP_PICK_MAP","PICK MAP","WÄHLE KARTE","CHOISIR CARTE","マップを選択","WYBIERZ MAPĘ","КАРТА:"
"LABEL_WORKSHOP_PLAIN","PLAIN","EBENE","PLAINE","平地","TRAWA","ТРАВА"
"LABEL_WORKSHOP_RIVER","RIVER","FLUSS","RIVIÈRE","川","RZEKA","РЕКА"
"LABEL_WORKSHOP_ROAD#1","ROAD#1","STRASSE#1","ROUTE#1","道路#1","ULICA#1","ДОРОГА#1"
"LABEL_WORKSHOP_ROAD#2","ROAD#2","STRASSE#2","ROUTE#2","道路#2","ULICA#2","ДОРОГА#2"
"LABEL_WORKSHOP_RUBBLE","RUBBLE","RUBBLE","RUINES","瓦礫","RUINY","СГОРЕВШЕЕ"
"LABEL_WORKSHOP_SAVE","SAVE","SPEICHERN","SAUVEGARDER","セーブ","ZAPISZ","СОХРАНИТЬ"
"LABEL_WORKSHOP_SELECTED_TOOL","SELECTED TOOL","ANGEWÄHLTES WERKZEUG","OUTIL ACTIVÉ","選択したツール","KAFELEK","ВЫБРАНО:"
"LABEL_WORKSHOP_SIZE","SIZE","GRÖSSE","TAILLE","サイズ","WIELKOŚĆ","РАЗМЕР"
"LABEL_WORKSHOP_SPAWN","SPAWN","STARTPUNKT","SPAWN","スポーン","WYJSCIE","СПАУН"
"LABEL_WORKSHOP_STATUE","STATUE","STATUE","STATUE","像","POSĄG","СТАТУЯ"
"LABEL_WORKSHOP_TANK","TANK","PANZER","TANK","戦車","CZOŁG","ТАНК"
"LABEL_WORKSHOP_TERRAIN","TERRAIN","GELÄNDE","TERRAIN","地形","TEREN","ДЕКОР"
"LABEL_WORKSHOP_THEME","MAP THEME","Kartenthema","THÈME CARTE","マップのテーマ","ZESTAW KAFELKÓW","ТЕМА КАРТЫ"
"LABEL_WORKSHOP_TILES","TILES","TILES","TUILES","タイル","KAFELKI","ТАЙЛЫ"
"LABEL_WORKSHOP_TOOLBOX","TOOLBOX","WERKZEUGBOX","OPTIONS","ツールボックス","NARZĘDZIA","ИНСТРУМЕНТЫ"
"LABEL_WORKSHOP_TOWER","TOWER","TOWER","RADAR","タワー","WIEŻA","РАДИОВЫШКА"
"LABEL_WORKSHOP_UNDO_BUILD","UNDO BUILD","RÜCKGÄNGIG","ANNULER","構築を元に戻す","COFNIJ RUCH","ОТКАТ"
"LABEL_WORKSHOP_UNITS","UNITS","EINHEITEN","UNITÉS","部隊","JEDNOSTKI","ЮНИТЫ"
"LABEL_YOUR_TURN","YOUR TURN","DEIN ZUG","VOTRE TOUR","あなたの順番","TWOJA TURA","ТВОЙ ХОД"
"LABEL_YOU_LOSE","YOU LOST","DU HAST VERLOREN","VOUS PERDEZ","あなたの負け","PRZEGRAŁEŚ","ТЫ ПРОИГРАЛ"
"LABEL_YOU_WIN","YOU WON","DU HAST GEWONNEN","VOUS GAGNEZ","あなたの勝ち","WYGRAŁEŚ","ТЫ ПОБЕДИЛ"
"LABEL_ZOOM_LEVEL","ZOOM LEVEL","ZOOM LEVEL","ZOOM","ズームレベル","POZIOM PRZYBLIŻENIA","ПРИБЛИЖЕННОСТЬ"
"MAG_ABANDON_MATCH","ARE YOU SURE YOU WANT TO ABANDON THIS MATCH? YOU WILL NOT BE ABLE TO CONTINUE THIS GAME.","BIST DU SICHER DASS DU DIESES SPIEL ABBRECHEN WILLST? DU KANNST DIESES SPIEL NICHT FORTFÜHREN.","ÊTES-VOUS SÛR DE VOULOIR ABANDONNER LE MATCH ? VOUS NE POURREZ PAS REPRENDRE LE MATCH.","この対戦を放棄してもよろしいですか? このゲームを続行できません。","CZY NA PEWNO CHCESZ PORZUCIĆ TEN MECZ? NIE BĘDZIESZ W STANIE KONTYNUOWAĆ TEJ GRY.","УВЕРЕНЫ, ЧТО ХОТИТЕ ВЫЙТИ? ИГРА БУДЕТ УДАЛЕНА"
"MAG_AVAILABLE_SIDE","AVAILABLE SIDE: ","VERFÜGBARE SEITE: ","CAMP REJOIGNABLE : ","参加可能なサイド: ","DOSTĘPNA STRONA: ","СВОБОДНАЯ СТОРОНА: "
"MAG_PROCEED_JOIN","JOIN THIS MATCH?","DIESEM SPIEL BEITRETEN?","REJOINDRE CE MATCH ?","この対戦に参加しますか?","DOŁĄCZYĆ DO TEGO MECZU?","ПРИСОЕДИНИТЬСЯ?"
"MSG_ALREADY_IN_MATCH","YOU ARE ALREADY IN THAT MATCH","DU BIST BEREITS IN DEM SPIEL","VOUS ÊTES DÉJÀ DANS CE MATCH","すでに対戦に参加しています","JESTEŚ JUŻ W TYM MECZU","ВЫ УЖЕ ИГРАЕТЕ В ЭТОМ МАТЧЕ"
"MSG_ASK_UPLOAD","BEGIN MAP UPLOAD?","BEGIN MAP UPLOAD?","DÉBUTER TÉLÉVERSEMENT CARTE?","マップのアップロードを開始しますか?","ROZPOCZĄĆ WYSYŁANIE MAPY?","НАЧАТЬ ЭКСПОРТ КАРТЫ?"
"MSG_CHECKING_STATE","CHECKING FOR NEW MOVES...","PRÜFE NEUE ZÜGE...","VÉRIFIER POUR DE NOUV. MOUVEMENTS...","新しい移動を確認しています...","SPRAWDZANIE...","ПРОВЕРКА НОВЫХ ХОДОВ..."
"MSG_CLEARING_SLOT_WAIT","CLEARING GAME SLOT. PLEASE WAIT...","LÖSCHE SPIEL EINRAG. BITTE WARTEN...","LIBÉRATION DES EMPLACEMENTS, PATIENTEZ SVP...","ゲームスロットをクリアしています。 しばらくお待ちください...","CZYSZCZENIE SLOTU GRY. PROSZĘ CZEKAĆ...","СТИРАНЕ, ПОДОЖДИТЕ..."
"MSG_CONFIRM_CREATE","DO YOU WANT TO HOST A NEW MATCH?","MÖCHTEST DU EIN NEUES SPIEL HOSTEN?","VOULEZ-VOUS HÉBERGER UN NOUVEAU MATCH ?","新しい対戦を開催しますか?","UTWORZYĆ NOWY MECZ?","ХОЧЕШЬ СОЗДАТЬ НОВЫЙ МАТЧ?"
"MSG_CREATING_MATCH_WAIT","CREATING NEW MATCH. PLEASE WAIT...","ERSTELLE NEUES SPIEL. BITTE WARTEN...","CRÉATION D'UN NOUVEAU MATCH. PATIENTEZ SVP...","新しい対戦を作成しています。 しばらくお待ちください...","TWORZENIE NOWEGO MECZU. PROSZĘ CZEKAĆ...","СОЗДАНИЕ МАТЧА, ПОДОЖДИТЕ..."
"MSG_EMPTY_DISPLAY","&lt; NOTHING TO DISPLAY&#000a;&lt; SELECT UNIT OR BUILDING","&lt;NICHTS ANZUZEIGEN&#000a;&lt; EINHEIT ODER GEBÄUDE ANWÄHLEN","&lt; RIEN À AFFICHER&#000a;&lt; SÉLECTIONNEZ UNE UNITÉ OU UN BÂTIMENT","&lt; 表示するものがありません&#000a;&lt; 部隊または建物を選択してください","NIC DO WYŚWIETLENIA - ZAZNACZ JEDNOSTKĘ LUB BUDYNEK","&lt; NOTHING TO DISPLAY&#000a;&lt; ВЫБЕРИ ЮНИТ ИЛИ ЗДАНИЕ"
"MSG_FETCHING_MATCH_DETAILS","FETCHING MATCH DETAILS. PLEASE WAIT...","HOLE SPIEL DETAILS. BITTE WARTEN...","COLLECTE DES DÉTAILS DU MATCH, PATIENTEZ SVP...","対戦の詳細を取得しています。 しばらくお待ちください...","POBIERANIE INFORMACJI O MECZU. PROSZĘ CZEKAĆ...","ЗАГРУЗКА ПАРАМЕТРОВ МАТЧА, ПОДОЖДИТЕ..."
"MSG_FREE_AS_FREEDOM","* FREE AS FREEDOM, NOT FREE AS IN FREE BEER","* FREI WIE FREIHEIT, NICHT FREI WIE FREIBIER","","* アルコールフリービールのフリーではなく、自由としてのフリー","* WOLNA JAK WOLNOŚĆ, NIE JAK ŻÓŁW","* СВОБОДНОГО ТО ЕСТЬ ДОСТУПНОГО, НЕ СВОБОДНАЯ КАК В ТРАКТИРЕ"
"MSG_GAME_DESCRIPTION_1","FREE* & OPEN-SOURCE","FREE* & OPEN-SOURCE","JEU DE STRATÉGIE AU TOUR PAR TOUR","フリー* & オープンソース","WOLNA*, OTWARTA","СВОБОДНОГО* ДОСТУПА"
"MSG_GAME_DESCRIPTION_2","TURN-BASED STRATEGY GAME","RUNDENBASIERTES STRATEGIESPIEL","LIBRE ET OPEN SOURCE","順番制の戦略ゲーム","TUROWA STRATEGIA","ПОХОДОВАЯ СТРАТЕГИЯ"
"MSG_INDIE_GAME","INDIE GAME&#000a;DESIGN &amp; &#000a;DEVELOP","INDIE GAME&#000a;DESIGN &amp; &#000a;ENTWICKELN","INDIE GAME&#000a;DESIGN &amp; &#000a;DEVELOP","インディーゲーム&#000a;デザイン &amp; &#000a;開発","GRA NIEZALEŻNA","INDIE GAME&#000a;DESIGN &amp; &#000a;ВЕРСИЯ"
"MSG_INPUT_MATCH_CODE","INPUT MATCH JOIN CODE","GIB DEN SPIEL BEITRITTS-CODE EIN","ENTRER LE CODE D'ACCÈS AU MATCH","対戦参加コードを入力","WPISZ KOD MECZU","НАПИШИТЕ КОД МАТЧА"
"MSG_JOINING_MATCH_WAIT","JOINING A MATCH. PLEASE WAIT...","TRETE EINEM SPIEL BEI. BITTE WARTEN...","VOUS REJOIGNEZ UN MATCH, PATIENTEZ SVP...","対戦に参加しています。 しばらくお待ちください...","DOŁĄCZANIE DO MECZU. PROSZĘ CZEKAĆ...","ПРИСОЕДИНЕНИЕ, ПОДОЖДИТЕ..."
"MSG_LOADING_MATCH_WAIT","LOADING MATCH DATA. PLEASE WAIT...","LADE SPIEL DATEN. BITTE WARTEN...","CHARGEMENT DU MATCH, PATIENTEZ SVP...","対戦データをロードしています。 しばらくお待ちください...","POBIERANIE DANYCH MECZU. PROSZĘ CZEKAĆ...","ЗАГРУЗКА МАТЧА, ПОДОЖДИТЕ..."
"MSG_MULTIPLAYER_LOBBY_HEADLINE","ONLINE MULTIPLAYER LOBBY","ONLINE MULTIPLAYER LOBBY","MODE MULTIJOUEUR","オンライン マルチプレイヤー ロビー","TRYB WIELOOSOBOWY","ОНЛАЙН ЛОББИ"
"MSG_MULTIPLAYER_LOBBY_SUB","you may have up to four simultaneous games","you may have up to four simultaneous games","Vous pouvez avoir jusqu'à quatre jeux en cours simultanément","あなたは最大4つまで同時にゲームをすることができます","MOŻESZ PROWADZIĆ DO CZTERECH GIER RÓWNOLEGLE","Ты можешь иметь до четырех матчей"
"MSG_MULTIPLAYER_WELCOME","Welcome to ToF multiplayer!","Welcome to ToF multiplayer!","Bienvenu sur ToF multijoueur !","ToF マルチプレイヤーへようこそ!","Witamy w trybie wieloosobowym!","ДОБРО ПОЖАЛОВАТЬ В ToF multiplayer!"
"MSG_NO_ENOUGH_AP","NOT ENOUGH AP","NICHT GENUG AP","PA INSUFFISANT","AP が足りません","BRAK PUNKTOW AKCJI","НЕДОСТАТОЧНО АР"
"MSG_ONLINE_MENU_DESC","DOWNLOAD NEW MAPS OR SHARE YOUR OWN CREATIONS WITH THE WORLD!","LADE NEUE KARTEN HERUNTER ODER TEILE DEINE KARTEN MIT ANDEREN!","TÉLÉCHARGEZ DE NOUVELLES CARTES OU PARTAGEZ VOS CRÉATIONS AVEC LE MONDE !","新しい地図をダウンロードするか、あなた独自の作成物を世界と共有しましょう!","POBIERAJ NOWE MAPY I DZIEL SIĘ SWOIMI DZIEŁAMI ZE ŚWIATEM!","ЗАГРУЖАЙ НОВЫЕ КАРТЫ ИЛИ ДЕЛИСЬ СВОИМИ СО ВСЕМ МИРОМ!"
"MSG_OPERATION_FAILED","NETWORK OPERATION FAILED. PLEASE CHECK YOUR INTERNET CONNECTION AND TRY AGAIN.","NETZWERK OPERATION FEHLGESCHLAGEN. BITTE PRÜFE DEINE INTERNET VERBINDUNG UND VERSUCHE ES NOCH EINMAL.","LA CONNEXION A ÉCHOUÉ. VÉRIFEZ VOTRE CONNEXION INTERNET ET RÉESSAYEZ SVP.","ネットワーク操作に失敗しました。 インターネット接続を確認して、もう一度やり直してください。","OPERACJA SIECIOWA NIE POWIODŁA SIĘ. PROSZĘ SPRAWDZIĆ POŁĄCZENIE Z INTERNETEM I SPRÓBOWAĆ PONOWNIE.","ОШИБКА ПОДКЛЮЧЕНИЯ К ИНТЕРНЕТУ. ПОДКЛЮЧИТЕСЬ И ПОПРОБУЙТЕ СНОВА"
"MSG_OPPONENT_WAIT","WAITING FOR OPPONENT...","WARTE AUF GEGNER...","EN ATTENTE D'UN ADVERSAIRE...","相手を待っています...","OCZEKIWANIE NA PRZECIWNIKA...","ОЖИДАНИЕ СОПЕРНИКА..."
"MSG_PICK_SIDE","PICK THE SIDE YOU WANT TO PLAY AS","WÄHLE DIE SEITE DIE DU SPIELEN MÖCHTEST","CHOISISSEZ LE CAMP POUR LEQUEL VOUS VOULEZ JOUER","プレイしたいサイドを選択してください","WYBIERZ STRONĘ, KTÓRĄ CHCESZ GRAĆ","ВЫБЕРИ СТРОНУ ЗА КОТОРОУЮ ХОЧЕШЬ ИГРАТЬ"
"MSG_READY_TO_CREATE","CREATE MATCH?","SPIEL ERSTELLEN?","CRÉER LE MATCH ?","対戦を作成しますか?","UTWORZYĆ MECZ?","СОЗДАТЬ МАТЧ?"
"MSG_SELECTED_MAP","SELECTED MAP: ","GEWÄHLTE KARTE: ","CARTE CHOISIE : ","選択したマップ: ","WYBRANA MAPA: ","КАРТА: "
"MSG_SELECTED_SIDE","SELECTED SIDE: ","GEWÄHLTE SEITE: ","CAMP CHOISI : ","選択したサイド: ","WYBRANA STRONA: ","СТОРОНА: "
"MSG_SHOW_REPLAY","DO YOU WANT TO SEE THE REPLAY OF OPPONENTS TURN?","MÖCHTEST DU DIE WIEDERHOLUNG DES GEGNERISCHEN ZUGES SEHEN?","VOULEZ-VOUS VOIR LE REPLAY DES TOURS DE L'ADVERSAIRE ?","相手のリプレイを見ますか?","CZY CHCESZ ZOBACZYĆ POWTÓRKĘ TURY PRZECIWNIKA?","ХОТИТЕ УВИДЕТЬ ПОВТОР ХОДА СОПЕРНИКА?"
"MSG_SPAWN_BLOCKED","SPAWN BLOCKED","SPAWN BLOCKED","DÉPLOIEMENT BLOQUÉ","スポーンがブロックされました","WYJŚCIE ZABLOKOWANE","СПАВН ЗАБЛОКИРОВАН"
"MSG_START_YOUR_TURN_NOW","Start your turn now!","Runde jetzt beginnen!","À votre tour maintenant !","順番を開始してください!","ROZPOCZNIJ SWOJA TURE!","Начинай!"
"MSG_WORKSHOP_CHECK_TYPOS","Please re-check file name","Bitte überprüfen Sie den Dateinamen","Revérifiez le nom du fichier SVP","ファイル名をもう一度確認してください","Sprawdź literówki.","Пожалуйста перепроверьте название"
"MSG_WORKSHOP_CREATE_NEW_ISLAND","CREATE NEW ISLAND","NEUE INSEL IN DER MITTE ERSTELLEN","CRÉER UNE NOUVELLE ÎLE AU CENTRE","新しい島を作成","TWORZY NOWA WYSPĘ NA ŚRODKU MAPY","НОВЫЙ ОСТРОВ"
"MSG_WORKSHOP_FILE_ERROR_NAME","Map name may only contain alphanumeric characters and an underscore sign.","Kartenname darf nur alphanumerische Zeichen und Unterstrich enthalten.","Les noms de carte ne doivent contenir que des symboles alphanumériques et des tirets bas.","マップ名には、英数字とアンダースコアのみを使用できます。","Nazwa mapy może zawierać jedynie symbole alfanumeryczne.","Имя карты поддерживает лишь английские буквы и простые символы."
"MSG_WORKSHOP_FILE_NOT_FOUND","Map with specified name does not exists.","Karte mit angegeben Namen existiert nicht.","Ce nom ne correspond à aucune carte.","指定された名前のマップは存在しません。","Mapa o podanej nazwie nie istnieje.","Такой карты не существует."
"MSG_WORKSHOP_FILL_MAP","FILL MAP WITH GRASS TILES","FILL MAP WITH GRASS TILES","REMPLIR DE TUILES D'HERBE","マップを芝生タイルで埋める","WYPEŁNIJ MAPĘ TERENEM TRAWY","ЗАПОЛНИТЬ КАРТУ ТАЙЛАМИ ТРАВЫ"
"MSG_WORKSHOP_LOSE_MAP_DATA","YOU WILL LOSE MAP DATA!","Sie verlieren Karten-Daten","VOUS PERDREZ LA CARTE CRÉÉE !","マップデータがなくなります!","STRACISZ CAŁĄ MAPĘ!","ТЫ ПОТЕРЯЕШЬ ПРОГРЕСС!"
"MSG_WORKSHOP_USE_UNIQUE_NAME","USE UNIQUE NAME","BITTE EINDEUTIGEN NAMEN BENUTZEN","UTILISEZ UN NOM UNIQUE","固有の名前を使用してください","UŻYJ UNIKALNEJ NAZWY","НАЗОВИ ОРИГИНАЛЬНО"
"TIP_1","Each unit can attack only once a turn","Jede Einheit kann nur einmal pro Runde angreifen","Chaque unité ne peut attaquer qu'une seule fois par tour","各部隊は1回の順番で1回しか攻撃できません","Każda jednostka może zaatakować tylko raz na turę","Любой тип войск атакует лишь раз за ход"
"TIP_10","Mixing unit types in squads gives you a strategic advantage","Verschiedene Einheiten zu mischen bringt strategische Vorteile","Mélanger différents types d'unités dans un bataillon vous donne un avantage stratégique","分隊で部隊の種類を混合させることは、戦略的な優位をもたらします","Oddziały o zróżnicowanym składzie mają większe szanse na sukces","Смешивание разных типов войск дает боевое приемущество"
"TIP_11","You cannot deploy a unit when the spawning point is blocked and neither can the enemy - block enemy factories with your units","Einheiten können nicht gebaut werden, wenn der Startpunkt blockiert ist. Gleiches gilt für den Feind: blockiere dessen Fabriken.","Vous ne pouvez pas déployer d'unité quand le point d'apparition est bloqué par un ennemi et il en va de même pour ce dernier - bloquez la production d'unités ennemies avec vos propre soldats !","スポーンポイントがブロックされているときには部隊を配備することはできません。敵もできません - あなたの部隊で敵の工場をブロックしてください","Nie można kupować nowych oddziałów, jeżeli pole wyjścia z budynku jest zajęte - możesz tego użyć, aby uzyskać przewagę","Ты не можешь поставить юнита, если зона вывода занята; пользуйся этим - блокируй вражеские фабрики"
"TIP_12","Units can attack only adjacent tiles - so when your target is far away you should first move your unit closer","Einheiten können nur angrenzende Felder angreifen – ist das Ziel zu weit entfernt, müssen Sie Ihre Einheit zuerst bewegen","Une unité ne peut attaquer que les cases adjacentes à sa position - vous devez d'abord déplacer votre unité si votre cible se trouve trop loin","部隊は隣接するタイルだけを攻撃することができます - ターゲットが遠くにある場合は、まず部隊を近くに移動します","Jednostki mogą atakować tylko pola obok siebie - jeżeli cel jest dalej, muszą do niego najpierw podejść","Юнит может атаковать только прилежащие тайлы - если враг далеко, сначала нужно к нему подойти"
"TIP_13","HQ is the most valuable building in game - if you capture the enemy HQ you will win the game","Das HQ ist das wertvollste Gebäude im Spiel – wenn Sie das gegnerische HQ erobern, gewinnen Sie das Spiel","Le QG est le bâtiment le plus important du jeu. Si vous capturez le QG ennemi vous gagnerez mais perdre le votre signifie la défaite immédiate...:","司令部はゲームで最も価値のある建物です - あなたが敵の司令部を獲得すると、ゲームに勝ちます","Kwatera Główna jest najważniejszym budynkiem - przejęcie Kwatery oznacza zwycięstwo, utrata własnej kończy się porażką","Штаб-квартира – самое главное, если ты захватишь вражескую ШК, ты победишь"
"TIP_2","Units have weaknesses and advantages - only troops can capture buildings but they have almost no chance against tanks and tanks can’t attack helis","Units have own weaknesses and advantages - only troops can capture buildings but they have almost no chance against tanks and tanks can’t attack helis","Chaque unité a ses forces et ses faiblesses - seul les fantassins peuvent capturer les bâtiments mais ils n'ont aucune chance contre les tanks - ces derniers ne peuvent pas attaquer les hélicoptères","部隊には弱点と利点があります - 軍隊だけが建物を獲得することができますが、戦車に対抗するチャンスはほとんどなく、戦車はヘリを攻撃できません","Jednostki mają wady i zalety - piechota może zajmować budynki, lecz nie ma szans w starciu z czołgami, które z kolei nie mogą walczyć z helikopterami","У каждого типа войск есть свои приемущества и недостатки - только пехота может занимать здания, но они слабы против танков, а танки не могут атаковать вертолеты"
"TIP_3","You can deploy soldiers in HQ but it is cheaper to do so in the barracks","Sie können Soldaten im HQ bauen, aber es ist günstiger in den Kasernen","Vous pouvez déployer des soldats dans le QG mais il est moins cher de le faire dans les casernes","司令部に兵士を配備することはできますが、兵舎は安く配備することができます","Możesz rekrutować piechotę w Kwaterze Głównej, lecz kupowanie w Barakach jest tańsze","Ты можешь делать пехоту в штаб-квартире, но они дешевле в казармах"
"TIP_4","A unit loses all its remaining AP for the turn when capturing a Tower","Einheit verliert all ihre AP in dieser Runde, wenn sie einen Tower einnimmt","Les unités qui capturent un bâtiment ne peuvent plus rien faire jusqu'au tour suivant","タワーを獲得するとき、部隊は順番の残りのすべてのAPを失います","Piechota traci całe AP na bieżącą turę, kiedy zajmuje Wieżę","Пехота теряет все АР, занимая радиовышку"
"TIP_5","All production buildings require a soldier to maintain it - capturing them will cost you a soldier unit","Alle Produktionsgebäude benötigen einen Soldaten, um sie zu betreiben. Wird das Gebäude erobert, kostet das einen Soldaten","Chaque bâtiment de production requiert un soldat pour l'entretenir - capturer un bâtiment vous coûte donc un soldat","すべての製造した建物は、維持するために兵士が必要です - 獲得すると兵士部隊のコストがかかります","Wszystkie budynki produkcyjne wymagają żołnierza do obsługi - zajęcie ich kosztuje Cię jednostkę, która wchodzi do budynku","Чтобы захватить любое активное здание, нужно пустить туда пехоту, после захвата он пропадает"
"TIP_6","HQ and captured Towers or Airports will produce cash in every turn","HQ and eroberte Towers oder Flughäfen produzieren jede Runde Geld","Le QG et les tours ainsi que les aéroports capturés fournissent du cash à chaque tour","司令部と獲得したタワーまたは空港は、それぞれの順番で現金を生み出します","Kwatera Główna, Wieże i Lotniska produkują co turę Punkty Akcji","Штаб-квартира, аэропорт и радиовышка производят ресурс каждый ход"
"TIP_7","Cash can be spent for deploying units and movement","Geld kann in Einheiten oder Bewegungspunkte investiert werden","Les points d'action peuvent être dépensés pour déployer des unités ou bien les faire bouger et attaquer","現金は、部隊の配備と移動するために使うことができます","Punkty Akcji (AP) służą do poruszania jednostek oraz do kupowania nowych wojsk","Ресурс может быть потрачен на создание и передвижение войск"
"TIP_8","Use your cash wisely - a big army will be slower and less effective than a small squad","Benutze Geld mit Bedacht! Eine große Armee ist langsamer und ineffektiver als ein kleiner Trupp","Utilisez vos points d'action avec sagesse - une grande armée sera plus lente et moins efficace qu'un petit bataillon","現金を賢明に使ってください - 大軍は小さな分隊よりも遅くて効果的ではありません","Używaj swoich Punktów Akcji rozważnie - duża armia porusza się wolniej, jeżeli masz ich za mało","Расходуй ресурс мудро - большая армия будет медленней и малоэффективнее небольшого отряда"
"TIP_9","It’s never a good idea to send a unit onto the battlefield alone","Es ist nie eine gute Idee, eine Einheit alleine in die Schlacht zu schicken","Ce n'est jamais une bonne idée d'envoyer une unité seule sur le champ de bataille","部隊を単独で戦場に送ることは決して良い考えではありません","Wysyłanie jednostek na front samotnie jest bardzo ryzykowne","Один в поле не воин - никогда не выпускай юнита на поле битвы одного"
"TIP_COMPLETE_MAP_FIRST","You need to complete this map first in skirmish mode in order to be able to upload it.","Du musst diese Karte erst im Gefechtsmodus komplett durchspielen","Vous devez d'abord remporter la victoire sur cette carte en mode escarmouche avant de pouvoir la partager en ligne.","アップロードできるようにするには、まずこのマップを戦闘モードを完了する必要があります。","Przed wysłaniem mapy musisz najpierw ją ukończyć w trybie potyczki.","Надо закончить карту в режите состязания перед ее экспортом"
"TIP_DOWNLOADING_WAIT","Downloading map! Please wait.","Lade Karte herunter. Bitte warten!","Téléchargement de la carte ! Patientez.","マップのダウンロード中! しばらくお待ちください。","Pobieranie mapy! Proszę czekać.","Загрузка карты! Подождите..."
"TIP_HEADER","Did you know that...","Wussten Sie dass…","Saviez-vous que...","ご存知でしたか...","Czy wiesz, że...","Знаете ли вы..."
"TIP_INPUT_CODE","Please input map code","Bitte Karten-Code eingeben","Entrez le code de la carte","マップコードを入力してください","Proszę podać kod mapy","Введите код карты"
"TIP_MAP_DOWNLOAD_FAIL","Could not download a map. Please check if code is correct and try again.","Konnte Karte nicht herunterladen. Bitte überprüfen Sie, ob der Code korrekt ist.","Impossible de télécharger la carte. Vérifiez que le code est correct et réessayez.","マップをダウンロードできませんでした。コードが正しいか確認して、もう一度やり直してください。","Nie udało się pobrać mapy. Proszę upewnić się, że kod jest poprawny i spróbować ponownie.","Невозможно загрузить карту. Проверьте код и попробуйте снова."
"TIP_MAP_DOWNLOAD_SUCCESS","Map has been downloaded.","Karte wurde heruntergeladen","La carte a été téléchargée.","マップをダウンロードしました。","Mapa została pobrana.","Карта загружена"
"TIP_NEED_REGISTER","Before you can start using online options, we need to register your device with our online system.","Bevor Sie online spielen können, müssen Sie sich registrieren.","Avant que vous puissiez utiliser le jeu en ligne, nous devons enregistrer votre appareil grâce à notre système en ligne.","オンラインオプションを開始する前に、デバイスをオンラインシステムに登録する必要があります。","Zanim będzie można skorzystać z opcji online musimy zarejestrować Twoje urządzenie w naszym systemie.","Перед тем, чтобы использовать онлайн настройки, нужно зарегистрировать ваш гаджет в нашей системе"
"TIP_ONLINE_HELP_1","To start a new game, press the Create button on one of the free slots. If the button is disabled, it means that you need to download an online map first. Visit http://online.tof.p1x.in to find some! Once you have hosted a game, give the match code to your friend so they may join.","To start your online game, use Create button on one of the free slots. If the button is disabled, it means, you need to download an online map first, or upload your own. You may start by downloading 'CHEKLEEN' map! Once you have hosted a game, give the match code to your friend, so they can join.","Pour débuter votre partie en ligne, cliquez sur le bouton CRÉER sur l'un des emplacements libres. Si le bouton est désactivé, cela signifie que vous devez d'abord télécharger une carte en ligne, ou envoyer la votre. Vous pourriez commencer par télécharger la carte 'CHEKLEEN' ! Une fois que vous hébergez la partie, communiquez le code de votre match à votre partenaire de jeu pour qu'il puisse vous rejoindre.","新しいゲームを開始するには、空きスロットの1つで作成ボタンを使用します。 ボタンが無効になっている場合は、最初にオンラインマップをダウンロードする必要があることを意味しています。 https://online.tof.p1x.in で見つけてください! ゲームを開催したら、あなたの友達に対戦コードを渡します。そうすれば参加できます。","Aby rozpocząć grę, użyj przycisku Utwórz w wolnym slocie. Jeżeli przycisk jest niedostępny, oznacza to, że musisz najpierw pobrać jakąś mapę - odwiedź https://online.tof.p1x.in! Kiedy utworzysz mecz, wyślij znajomemu kod, aby mógł dołączyć.","Чтобы создать матч, нажмите кнопку СОЗДАТЬ в свободном слоте. Если такой кнопки нет, значит нужно скачать онлайн карту. Посетите https://online.tof.p1x.in. ! Если ты уже создал такую карту, можешь поделиться ею с друзьями через код"
"TIP_ONLINE_HELP_2","While in a match, there is no time limit for you or your opponent to take a turn. Remember, you don't have to wait for your turn idly - you are free to play campaign, skirmish, or load into a different multiplayer match! Quitting the game is also an option, but would you do that?","While in a match, there is no time limit for you, or your opponent, for taking a turn. Remember, that you don't have to wait for your turn idly - you are free to play campaign, skirmish, or load into a different multiplayer match! Quitting the game is also an option, but would you do that?","Durant un match, vous et votre adversaire n'avez pas de limite de temps pour jouer votre tour. Souvenez vous que vous n'avez pas besoin d'attendre votre tour indéfiniment - vous pouvez entre temps jouer aux campagnes, faire une partie en escarmouche ou même jouer à une autre partie multijoueur ! Quitter le jeu est aussi une option, mais voudrez vous vraiment le faire ?","対戦中は、あなたや相手の順番に時間制限はありません。 あなたの順番を無駄に待つ必要はないことを覚えておいてください - 自由に遠征をプレイしたり、戦闘したり、別のマルチプレイヤー対戦に参加することができます! ゲームを終了することも選択肢ですが、そうしますか?","W trakcie meczu nie ma żadnego limitu czasu na turę. Pamiętaj, że nie musisz bezczynnie czekać na ruch przeciwnika - możesz w tym czasie rozpocząć misję kampanii lub rozgrywać inne mecze online! Możesz także wyjść z gry, tylko czemu?","Когда ты в матче, есть время подумать и тебе, и оппоненту. Запомни – ты не обязан ждать соперника. Всегда есть кампания, режим состязания и еще три слота для мультиплеера. Еще можно покинуть битву, но будешь ли ты это делать?"
"TIP_ONLINE_HELP_3","You are limited to only four match slots, so remember to clear the ones, that have ended.","You are limited to only four match slots, so remember to clear the ones, that have ended.","Vous êtes limités à quatre emplacements de jeux multijoueurs. Souvenez vous de supprimer ceux qui sont terminés et inactifs.","対戦スロットは4つに制限されているので、終了したスロットをクリアするのを忘れないでください。","Możesz na raz rozgrywać jedynie cztery mecze online. Pamiętaj o czyszczeniu slotów zakończonych meczy.","Можно создать только 4 слота игры, так что можно удалять уже сыгранные матчи"
"TIP_REFRESHING_WAIT","REFRESHING ONLINE MATCHES LIST. PLEASE WAIT...","Aktualisiere Online Ergebnisliste. Bitte warten...","RAFRAÎCHISSEMENT DE LA LISTE DES MATCHS EN LIGNE, PATIENTEZ SVP...","オンライン対戦リストを更新しています。 しばらくお待ちください...","ODŚWIEŻANIE LISTY MECZY. PROSZĘ CZEKAĆ...","ОБНОВЛЕНИЕ МАТЧЕЙ, ПОДОЖДИТЕ..."
"TIP_REQUESTING_PLAYER_FAIL","Requesting Player ID failed. Please try again later.","Anfrage Player ID gescheitert. Bitte später nocheinmal probieren.","La requète de l'ID du joueur a échoué. Réessayez plus tard.","プレイヤー ID のリクエストに失敗しました。 後でもう一度やり直してください。","Pobieranie identyfikatora nie powiodło się. Proszę spróbować ponownie później.","Ошибка регистрации, попробуйте позже."
"TIP_REQUESTING_PLAYER_ID","Requesting Player ID! Please wait.","Anfrage Player ID! Bitte warten.","Requète de l'ID du joueur ! Patientez.","プレイヤー ID のリクエスト中! しばらくお待ちください。","Pobieranie identyfikatora gracza! Proszę czekać.","Регистрация ID, подождите..."
"TIP_REQUESTING_PLAYER_SUCCESS","Requesting Player ID successful. Welcome to ToF Online!","Anfrage Player ID erfolgreich. Willkommen zu ToF Online!","La requète de l'ID du joueur a abouti. Bienvenue sur ToF Online !","プレイヤー ID のリクエストに成功しました。 ToF オンラインへようこそ!","Pobieranie identyfikatora zakończone sukcesem. Witamy w ToF Online!","Регистрация завершена. Добро пожаловать в ToF Online!"
"TIP_UPLOADING_FAIL","Upload failed. Please try again later.","Upload fehlgeschlagen. Bitte versuche es später noch einmal.","L'envoi a échoué. Réessayez plus tard.","アップロードに失敗しました。後でもう一度やり直してください。","Wysyłanie nieudane. Proszę spróbować ponownie później.","Ошибка, попробуйте позже"
"TIP_UPLOADING_SUCCESS","Upload successful! Now you can share your new map code with your friends: ","Upload erfolgreich! Jetzt können Sie Ihre neue Karte mit Ihren Freunden teilen:","Envoi réussi ! Vous pouvez maintenant partager votre nouvelle carte avec vos amis : ","アップロードしました! 友達と新しいマップコードを共有できるようになりました: ","Wysyłanie udane! Możesz teraz podzielić się swoją mapą ze znajomymi używając poniższego kodu: ","Готово! Вот код, чтобы поделиться с друзьями: "
"TIP_UPLOADING_WAIT","Uploading! Please wait.","Lade hoch...! Bitte warten.","Envoi en cours ! Patientez.","アップロード中! しばらくお待ちください。","Wysyłanie! Proszę czekać.","Загрузка, подождите."
"TIP_WELCOME_ONLINE","Welcome to ToF Online!","Willkommen zu  ToF Online!","Bienvenue sur ToF Online !","ToF オンラインにようこそ!","Witamy w ToF Online!","Добро пожаловать в ToF Online!"
"TITLE_GAMEPAD_CONFIG","GAMEPAD CONFIGURATION","GAMEPAD KONFIGURIEREN","CONFIGURATION MANETTE","ゲームパッドの設定","STEROWANIE","КОНФИГУРАЦИЯ ГЕЙМПАДА"
